review_score,proportion,percentage
1.0,0.4694212935790586,46.94212935790586
5.0,0.22173964080291114,22.173964080291114
4.0,0.12043667097077122,12.043667097077122
3.0,0.1110458974057988,11.10458974057988
2.0,0.07735649724146026,7.735649724146026
