is_delayed,is_low_rating,low_rating_percentage
False,0.11318151808677315,11.318151808677316
True,0.5345421161349553,53.45421161349553
